Date,Time,Caption,Image URL,Notes
2026-06-17,12:00,"Fresh bread deserves a fresh website. 🍞

This is a site I built for The Sweet Kneads Bakery — clean, mobile-friendly, and designed to make you hungry the second it loads. Now their customers can find hours, location, and what's baking without digging through a clunky page.

Real business. Real website. Real results.

Own a local shop? I'll design you a free mockup so you can see what yours could look like. Comment ""MOCKUP"" 👇

#SupportLocal #SmallBusiness #WebDesign #KentOH",https://shmagssites.github.io/Portfolio/Images/sweetkneads.png,Live client — strongest social proof. Lead with this.
2026-06-19,18:00,"Swipe to see what 15 years of ""we'll update it later"" looks like… and what it could look like instead. ➡️

Same business. Same info. Completely different first impression. The old site wasn't broken — it was just quietly sending customers to the competition.

Your website doesn't have to be stuck in 2010. If yours hasn't been touched in years, message me and I'll show you a free redesign concept — no cost, no pressure.

#BeforeAndAfter #WebsiteRedesign #SmallBusiness #WebDesign",https://shmagssites.github.io/Portfolio/Images/Before-Rays.PNG https://shmagssites.github.io/Portfolio/Images/After-Rays.PNG,TWO images (before then after) — most schedulers need both added manually for a carousel.
2026-06-22,12:00,"Your phone shouldn't be your only ""booking system."" 📞

I designed this site for a plumbing company so customers can request service in 30 seconds — even at 2am when the office is closed. The form works while you sleep, so you wake up to booked jobs instead of missed calls.

Plumbers, electricians, HVAC, landscapers — if your website can't capture a lead after hours, it's costing you money.

Tap Send Message and I'll build you a free mockup. 🔧

#Plumber #HomeServices #SmallBusiness #LocalBusiness",https://shmagssites.github.io/Portfolio/Images/clearwater.png,Trades/home services — large local market.
2026-06-24,18:00,"A gym website has one job: turn scrollers into walk-ins. 💪

This design for Iron Ridge Athletic Club puts the free-pass sign-up and class schedule front and center — no hunting, no confusion, just ""claim your pass"" and they're in the door.

Gym owners: how many memberships are you losing to a website that makes people work to join?

Tag a gym owner who needs this 👇 — or message me for a free mockup of your own.

#GymLife #FitnessBusiness #WebDesign #SmallBusiness",https://shmagssites.github.io/Portfolio/Images/ironridge.png,Fitness.
2026-06-26,12:00,"Patients book the practice they trust — and trust starts with how your website looks. 🦷

I designed this site for a dental office to feel clean, calm, and professional, with online appointment booking built right in. New patients can schedule in a few taps instead of playing phone tag.

Dentists, chiropractors, med spas, family practices — a polished site is the difference between ""I'll call later"" and a booked chair.

Want to see yours reimagined? Free mockup, just message me.

#Dental #Healthcare #LocalBusiness #WebDesign",https://shmagssites.github.io/Portfolio/Images/brightsmiles.png,Healthcare / appointment booking.
2026-06-29,18:00,"People decide where to eat with their eyes — usually on their phone, usually in about 3 seconds. 🍽️

This restaurant site leads with bold visuals and puts the menu and takeout order one tap away. No PDF menus from 2014. No pinch-to-zoom. Just ""I want that — let's order.""

Restaurant owners: if your menu is hard to find on a phone, you're losing the table before they ever sit down.

Comment ""MENU"" and I'll design you a free preview. 👇

#Restaurant #Foodie #SmallBusiness #WebDesign",https://shmagssites.github.io/Portfolio/Images/saffron.png,Restaurant.
2026-07-01,12:00,"Your work is gorgeous. Does your website show it? ✨

This salon design is built around the gallery — letting the styling do the selling — with online booking and clear pricing so clients book before they second-guess. No DMs asking ""how much?"" and ""are you free Saturday?""

Stylists, barbers, lash & nail techs, estheticians — your website should be your best advertisement, not an afterthought.

DM me your current page and I'll send back a free redesign concept. 💇‍♀️

#Salon #HairStylist #BeautyBusiness #WebDesign",https://shmagssites.github.io/Portfolio/Images/luxelocks.png,Salon / beauty.
